{"loss":0.06473192572593689,"_timestamp":1.754497308737437e+09,"_step":9,"_wandb":{"runtime":177},"_runtime":177,"epoch":10}