{"val_loss":0.05321934297680855,"_wandb":{"runtime":219},"_runtime":219,"_timestamp":1.754221068996994e+09,"_step":24,"epoch":25,"train_loss":0.05031418374606541}